,,,,,Trans,Ref,Diff
1746,rcp45_doeclim_co2ppm_transient_conc_in2010_x4,0,temp_doeclim,Tgav,0,0,0
1747,rcp45_doeclim_co2ppm_transient_conc_in2010_x4,0,temp_doeclim,Tgav,0,0,0
1748,rcp45_doeclim_co2ppm_transient_conc_in2010_x4,0,temp_doeclim,Tgav,0,0,0
1749,rcp45_doeclim_co2ppm_transient_conc_in2010_x4,0,temp_doeclim,Tgav,0,0,0
1750,rcp45_doeclim_co2ppm_transient_conc_in2010_x4,0,temp_doeclim,Tgav,0,0,0
1751,rcp45_doeclim_co2ppm_transient_conc_in2010_x4,0,temp_doeclim,Tgav,-5.79449E-05,-5.79449E-05,0
1752,rcp45_doeclim_co2ppm_transient_conc_in2010_x4,0,temp_doeclim,Tgav,-0.000169304,-0.000169304,0
1753,rcp45_doeclim_co2ppm_transient_conc_in2010_x4,0,temp_doeclim,Tgav,-0.000315831,-0.000315831,0
1754,rcp45_doeclim_co2ppm_transient_conc_in2010_x4,0,temp_doeclim,Tgav,-0.000486234,-0.000486234,0
1755,rcp45_doeclim_co2ppm_transient_conc_in2010_x4,0,temp_doeclim,Tgav,-0.000673179,-0.000673179,0
1756,rcp45_doeclim_co2ppm_transient_conc_in2010_x4,0,temp_doeclim,Tgav,-0.000871762,-0.000871762,0
1757,rcp45_doeclim_co2ppm_transient_conc_in2010_x4,0,temp_doeclim,Tgav,-0.00107864,-0.00107864,0
1758,rcp45_doeclim_co2ppm_transient_conc_in2010_x4,0,temp_doeclim,Tgav,-0.00129153,-0.00129153,0
1759,rcp45_doeclim_co2ppm_transient_conc_in2010_x4,0,temp_doeclim,Tgav,-0.00150886,-0.00150886,0
1760,rcp45_doeclim_co2ppm_transient_conc_in2010_x4,0,temp_doeclim,Tgav,-0.00172955,-0.00172955,0
1761,rcp45_doeclim_co2ppm_transient_conc_in2010_x4,0,temp_doeclim,Tgav,-0.0019529,-0.0019529,0
1762,rcp45_doeclim_co2ppm_transient_conc_in2010_x4,0,temp_doeclim,Tgav,-0.00217843,-0.00217843,0
1763,rcp45_doeclim_co2ppm_transient_conc_in2010_x4,0,temp_doeclim,Tgav,-0.00240586,-0.00240586,0
1764,rcp45_doeclim_co2ppm_transient_conc_in2010_x4,0,temp_doeclim,Tgav,-0.00263504,-0.00263504,0
1765,rcp45_doeclim_co2ppm_transient_conc_in2010_x4,0,temp_doeclim,Tgav,-0.00286589,-0.00286589,0
1766,rcp45_doeclim_co2ppm_transient_conc_in2010_x4,0,temp_doeclim,Tgav,-0.00295428,-0.00295428,0
1767,rcp45_doeclim_co2ppm_transient_conc_in2010_x4,0,temp_doeclim,Tgav,-0.00279404,-0.00279404,0
1768,rcp45_doeclim_co2ppm_transient_conc_in2010_x4,0,temp_doeclim,Tgav,-0.00239946,-0.00239946,0
1769,rcp45_doeclim_co2ppm_transient_conc_in2010_x4,0,temp_doeclim,Tgav,-0.00180718,-0.00180718,0
1770,rcp45_doeclim_co2ppm_transient_conc_in2010_x4,0,temp_doeclim,Tgav,-0.00104859,-0.00104859,0
1771,rcp45_doeclim_co2ppm_transient_conc_in2010_x4,0,temp_doeclim,Tgav,-0.000147321,-0.000147321,0
1772,rcp45_doeclim_co2ppm_transient_conc_in2010_x4,0,temp_doeclim,Tgav,0.000881804,0.000881804,0
1773,rcp45_doeclim_co2ppm_transient_conc_in2010_x4,0,temp_doeclim,Tgav,0.00202875,0.00202875,0
1774,rcp45_doeclim_co2ppm_transient_conc_in2010_x4,0,temp_doeclim,Tgav,0.00328483,0.00328483,0
1775,rcp45_doeclim_co2ppm_transient_conc_in2010_x4,0,temp_doeclim,Tgav,0.00464396,0.00464396,0
1776,rcp45_doeclim_co2ppm_transient_conc_in2010_x4,0,temp_doeclim,Tgav,0.00610493,0.00610493,0
1777,rcp45_doeclim_co2ppm_transient_conc_in2010_x4,0,temp_doeclim,Tgav,0.00766685,0.00766685,0
1778,rcp45_doeclim_co2ppm_transient_conc_in2010_x4,0,temp_doeclim,Tgav,0.00932106,0.00932106,0
1779,rcp45_doeclim_co2ppm_transient_conc_in2010_x4,0,temp_doeclim,Tgav,0.0110488,0.0110488,0
1780,rcp45_doeclim_co2ppm_transient_conc_in2010_x4,0,temp_doeclim,Tgav,0.0128247,0.0128247,0
1781,rcp45_doeclim_co2ppm_transient_conc_in2010_x4,0,temp_doeclim,Tgav,0.014624,0.014624,0
1782,rcp45_doeclim_co2ppm_transient_conc_in2010_x4,0,temp_doeclim,Tgav,0.0164318,0.0164318,0
1783,rcp45_doeclim_co2ppm_transient_conc_in2010_x4,0,temp_doeclim,Tgav,0.0182456,0.0182456,0
1784,rcp45_doeclim_co2ppm_transient_conc_in2010_x4,0,temp_doeclim,Tgav,0.0200735,0.0200735,0
1785,rcp45_doeclim_co2ppm_transient_conc_in2010_x4,0,temp_doeclim,Tgav,0.0219313,0.0219313,0
1786,rcp45_doeclim_co2ppm_transient_conc_in2010_x4,0,temp_doeclim,Tgav,0.0238359,0.0238359,0
1787,rcp45_doeclim_co2ppm_transient_conc_in2010_x4,0,temp_doeclim,Tgav,0.0257974,0.0257974,0
1788,rcp45_doeclim_co2ppm_transient_conc_in2010_x4,0,temp_doeclim,Tgav,0.0278132,0.0278132,0
1789,rcp45_doeclim_co2ppm_transient_conc_in2010_x4,0,temp_doeclim,Tgav,0.0298694,0.0298694,0
1790,rcp45_doeclim_co2ppm_transient_conc_in2010_x4,0,temp_doeclim,Tgav,0.0319461,0.0319461,0
1791,rcp45_doeclim_co2ppm_transient_conc_in2010_x4,0,temp_doeclim,Tgav,0.034027,0.034027,0
1792,rcp45_doeclim_co2ppm_transient_conc_in2010_x4,0,temp_doeclim,Tgav,0.0361035,0.0361035,0
1793,rcp45_doeclim_co2ppm_transient_conc_in2010_x4,0,temp_doeclim,Tgav,0.0381711,0.0381711,0
1794,rcp45_doeclim_co2ppm_transient_conc_in2010_x4,0,temp_doeclim,Tgav,0.0402256,0.0402256,0
1795,rcp45_doeclim_co2ppm_transient_conc_in2010_x4,0,temp_doeclim,Tgav,0.0422631,0.0422631,0
1796,rcp45_doeclim_co2ppm_transient_conc_in2010_x4,0,temp_doeclim,Tgav,0.0442807,0.0442807,0
1797,rcp45_doeclim_co2ppm_transient_conc_in2010_x4,0,temp_doeclim,Tgav,0.0462771,0.0462771,0
1798,rcp45_doeclim_co2ppm_transient_conc_in2010_x4,0,temp_doeclim,Tgav,0.0482503,0.0482503,0
1799,rcp45_doeclim_co2ppm_transient_conc_in2010_x4,0,temp_doeclim,Tgav,0.0501982,0.0501982,0
1800,rcp45_doeclim_co2ppm_transient_conc_in2010_x4,0,temp_doeclim,Tgav,0.0521182,0.0521182,0
1801,rcp45_doeclim_co2ppm_transient_conc_in2010_x4,0,temp_doeclim,Tgav,0.0540092,0.0540092,0
1802,rcp45_doeclim_co2ppm_transient_conc_in2010_x4,0,temp_doeclim,Tgav,0.0558707,0.0558707,0
1803,rcp45_doeclim_co2ppm_transient_conc_in2010_x4,0,temp_doeclim,Tgav,0.0577023,0.0577023,0
1804,rcp45_doeclim_co2ppm_transient_conc_in2010_x4,0,temp_doeclim,Tgav,0.0595022,0.0595022,0
1805,rcp45_doeclim_co2ppm_transient_conc_in2010_x4,0,temp_doeclim,Tgav,0.0612699,0.0612699,0
1806,rcp45_doeclim_co2ppm_transient_conc_in2010_x4,0,temp_doeclim,Tgav,0.0630082,0.0630082,0
1807,rcp45_doeclim_co2ppm_transient_conc_in2010_x4,0,temp_doeclim,Tgav,0.0647202,0.0647202,0
1808,rcp45_doeclim_co2ppm_transient_conc_in2010_x4,0,temp_doeclim,Tgav,0.0664025,0.0664025,0
1809,rcp45_doeclim_co2ppm_transient_conc_in2010_x4,0,temp_doeclim,Tgav,0.0680426,0.0680426,0
1810,rcp45_doeclim_co2ppm_transient_conc_in2010_x4,0,temp_doeclim,Tgav,0.0696235,0.0696235,0
1811,rcp45_doeclim_co2ppm_transient_conc_in2010_x4,0,temp_doeclim,Tgav,0.0711324,0.0711324,0
1812,rcp45_doeclim_co2ppm_transient_conc_in2010_x4,0,temp_doeclim,Tgav,0.0725671,0.0725671,0
1813,rcp45_doeclim_co2ppm_transient_conc_in2010_x4,0,temp_doeclim,Tgav,0.0739346,0.0739346,0
1814,rcp45_doeclim_co2ppm_transient_conc_in2010_x4,0,temp_doeclim,Tgav,0.0752477,0.0752477,0
1815,rcp45_doeclim_co2ppm_transient_conc_in2010_x4,0,temp_doeclim,Tgav,0.0765225,0.0765225,0
1816,rcp45_doeclim_co2ppm_transient_conc_in2010_x4,0,temp_doeclim,Tgav,0.0777748,0.0777748,0
1817,rcp45_doeclim_co2ppm_transient_conc_in2010_x4,0,temp_doeclim,Tgav,0.0790141,0.0790141,0
1818,rcp45_doeclim_co2ppm_transient_conc_in2010_x4,0,temp_doeclim,Tgav,0.0802415,0.0802415,0
1819,rcp45_doeclim_co2ppm_transient_conc_in2010_x4,0,temp_doeclim,Tgav,0.0814506,0.0814506,0
1820,rcp45_doeclim_co2ppm_transient_conc_in2010_x4,0,temp_doeclim,Tgav,0.0826311,0.0826311,0
1821,rcp45_doeclim_co2ppm_transient_conc_in2010_x4,0,temp_doeclim,Tgav,0.083775,0.083775,0
1822,rcp45_doeclim_co2ppm_transient_conc_in2010_x4,0,temp_doeclim,Tgav,0.0848811,0.0848811,0
1823,rcp45_doeclim_co2ppm_transient_conc_in2010_x4,0,temp_doeclim,Tgav,0.0859533,0.0859533,0
1824,rcp45_doeclim_co2ppm_transient_conc_in2010_x4,0,temp_doeclim,Tgav,0.0869986,0.0869986,0
1825,rcp45_doeclim_co2ppm_transient_conc_in2010_x4,0,temp_doeclim,Tgav,0.0880251,0.0880251,0
1826,rcp45_doeclim_co2ppm_transient_conc_in2010_x4,0,temp_doeclim,Tgav,0.0890398,0.0890398,0
1827,rcp45_doeclim_co2ppm_transient_conc_in2010_x4,0,temp_doeclim,Tgav,0.0900468,0.0900468,0
1828,rcp45_doeclim_co2ppm_transient_conc_in2010_x4,0,temp_doeclim,Tgav,0.0910487,0.0910487,0
1829,rcp45_doeclim_co2ppm_transient_conc_in2010_x4,0,temp_doeclim,Tgav,0.0920476,0.0920476,0
1830,rcp45_doeclim_co2ppm_transient_conc_in2010_x4,0,temp_doeclim,Tgav,0.0930453,0.0930453,0
1831,rcp45_doeclim_co2ppm_transient_conc_in2010_x4,0,temp_doeclim,Tgav,0.0939759,0.0939759,0
1832,rcp45_doeclim_co2ppm_transient_conc_in2010_x4,0,temp_doeclim,Tgav,0.0946679,0.0946679,0
1833,rcp45_doeclim_co2ppm_transient_conc_in2010_x4,0,temp_doeclim,Tgav,0.0950468,0.0950468,0
1834,rcp45_doeclim_co2ppm_transient_conc_in2010_x4,0,temp_doeclim,Tgav,0.0951832,0.0951832,0
1835,rcp45_doeclim_co2ppm_transient_conc_in2010_x4,0,temp_doeclim,Tgav,0.095142,0.095142,0
1836,rcp45_doeclim_co2ppm_transient_conc_in2010_x4,0,temp_doeclim,Tgav,0.0949647,0.0949647,0
1837,rcp45_doeclim_co2ppm_transient_conc_in2010_x4,0,temp_doeclim,Tgav,0.0946811,0.0946811,0
1838,rcp45_doeclim_co2ppm_transient_conc_in2010_x4,0,temp_doeclim,Tgav,0.0944101,0.0944101,0
1839,rcp45_doeclim_co2ppm_transient_conc_in2010_x4,0,temp_doeclim,Tgav,0.0943123,0.0943123,0
1840,rcp45_doeclim_co2ppm_transient_conc_in2010_x4,0,temp_doeclim,Tgav,0.0944211,0.0944211,0
1841,rcp45_doeclim_co2ppm_transient_conc_in2010_x4,0,temp_doeclim,Tgav,0.0947389,0.0947389,0
1842,rcp45_doeclim_co2ppm_transient_conc_in2010_x4,0,temp_doeclim,Tgav,0.0953206,0.0953206,0
1843,rcp45_doeclim_co2ppm_transient_conc_in2010_x4,0,temp_doeclim,Tgav,0.0961731,0.0961731,0
1844,rcp45_doeclim_co2ppm_transient_conc_in2010_x4,0,temp_doeclim,Tgav,0.0972913,0.0972913,0
1845,rcp45_doeclim_co2ppm_transient_conc_in2010_x4,0,temp_doeclim,Tgav,0.0987229,0.0987229,0
1846,rcp45_doeclim_co2ppm_transient_conc_in2010_x4,0,temp_doeclim,Tgav,0.10042,0.10042,0
1847,rcp45_doeclim_co2ppm_transient_conc_in2010_x4,0,temp_doeclim,Tgav,0.102276,0.102276,0
1848,rcp45_doeclim_co2ppm_transient_conc_in2010_x4,0,temp_doeclim,Tgav,0.104301,0.104301,0
1849,rcp45_doeclim_co2ppm_transient_conc_in2010_x4,0,temp_doeclim,Tgav,0.106479,0.106479,0
1850,rcp45_doeclim_co2ppm_transient_conc_in2010_x4,0,temp_doeclim,Tgav,0.108736,0.108736,0
1851,rcp45_doeclim_co2ppm_transient_conc_in2010_x4,0,temp_doeclim,Tgav,0.11104,0.11104,0
1852,rcp45_doeclim_co2ppm_transient_conc_in2010_x4,0,temp_doeclim,Tgav,0.113321,0.113321,0
1853,rcp45_doeclim_co2ppm_transient_conc_in2010_x4,0,temp_doeclim,Tgav,0.11556,0.11556,0
1854,rcp45_doeclim_co2ppm_transient_conc_in2010_x4,0,temp_doeclim,Tgav,0.117804,0.117804,0
1855,rcp45_doeclim_co2ppm_transient_conc_in2010_x4,0,temp_doeclim,Tgav,0.120052,0.120052,0
1856,rcp45_doeclim_co2ppm_transient_conc_in2010_x4,0,temp_doeclim,Tgav,0.122291,0.122291,0
1857,rcp45_doeclim_co2ppm_transient_conc_in2010_x4,0,temp_doeclim,Tgav,0.124514,0.124514,0
1858,rcp45_doeclim_co2ppm_transient_conc_in2010_x4,0,temp_doeclim,Tgav,0.126762,0.126762,0
1859,rcp45_doeclim_co2ppm_transient_conc_in2010_x4,0,temp_doeclim,Tgav,0.129034,0.129034,0
1860,rcp45_doeclim_co2ppm_transient_conc_in2010_x4,0,temp_doeclim,Tgav,0.131267,0.131267,0
1861,rcp45_doeclim_co2ppm_transient_conc_in2010_x4,0,temp_doeclim,Tgav,0.133385,0.133385,0
1862,rcp45_doeclim_co2ppm_transient_conc_in2010_x4,0,temp_doeclim,Tgav,0.135319,0.135319,0
1863,rcp45_doeclim_co2ppm_transient_conc_in2010_x4,0,temp_doeclim,Tgav,0.137068,0.137068,0
1864,rcp45_doeclim_co2ppm_transient_conc_in2010_x4,0,temp_doeclim,Tgav,0.138694,0.138694,0
1865,rcp45_doeclim_co2ppm_transient_conc_in2010_x4,0,temp_doeclim,Tgav,0.140161,0.140161,0
1866,rcp45_doeclim_co2ppm_transient_conc_in2010_x4,0,temp_doeclim,Tgav,0.141418,0.141418,0
1867,rcp45_doeclim_co2ppm_transient_conc_in2010_x4,0,temp_doeclim,Tgav,0.14248,0.14248,0
1868,rcp45_doeclim_co2ppm_transient_conc_in2010_x4,0,temp_doeclim,Tgav,0.143419,0.143419,0
1869,rcp45_doeclim_co2ppm_transient_conc_in2010_x4,0,temp_doeclim,Tgav,0.144301,0.144301,0
1870,rcp45_doeclim_co2ppm_transient_conc_in2010_x4,0,temp_doeclim,Tgav,0.145127,0.145127,0
1871,rcp45_doeclim_co2ppm_transient_conc_in2010_x4,0,temp_doeclim,Tgav,0.145886,0.145886,0
1872,rcp45_doeclim_co2ppm_transient_conc_in2010_x4,0,temp_doeclim,Tgav,0.146719,0.146719,0
1873,rcp45_doeclim_co2ppm_transient_conc_in2010_x4,0,temp_doeclim,Tgav,0.147756,0.147756,0
1874,rcp45_doeclim_co2ppm_transient_conc_in2010_x4,0,temp_doeclim,Tgav,0.149125,0.149125,0
1875,rcp45_doeclim_co2ppm_transient_conc_in2010_x4,0,temp_doeclim,Tgav,0.150879,0.150879,0
1876,rcp45_doeclim_co2ppm_transient_conc_in2010_x4,0,temp_doeclim,Tgav,0.15304,0.15304,0
1877,rcp45_doeclim_co2ppm_transient_conc_in2010_x4,0,temp_doeclim,Tgav,0.155668,0.155668,0
1878,rcp45_doeclim_co2ppm_transient_conc_in2010_x4,0,temp_doeclim,Tgav,0.15877,0.15877,0
1879,rcp45_doeclim_co2ppm_transient_conc_in2010_x4,0,temp_doeclim,Tgav,0.162332,0.162332,0
1880,rcp45_doeclim_co2ppm_transient_conc_in2010_x4,0,temp_doeclim,Tgav,0.166393,0.166393,0
1881,rcp45_doeclim_co2ppm_transient_conc_in2010_x4,0,temp_doeclim,Tgav,0.170784,0.170784,0
1882,rcp45_doeclim_co2ppm_transient_conc_in2010_x4,0,temp_doeclim,Tgav,0.175394,0.175394,0
1883,rcp45_doeclim_co2ppm_transient_conc_in2010_x4,0,temp_doeclim,Tgav,0.180157,0.180157,0
1884,rcp45_doeclim_co2ppm_transient_conc_in2010_x4,0,temp_doeclim,Tgav,0.185068,0.185068,0
1885,rcp45_doeclim_co2ppm_transient_conc_in2010_x4,0,temp_doeclim,Tgav,0.190036,0.190036,0
1886,rcp45_doeclim_co2ppm_transient_conc_in2010_x4,0,temp_doeclim,Tgav,0.194921,0.194921,0
1887,rcp45_doeclim_co2ppm_transient_conc_in2010_x4,0,temp_doeclim,Tgav,0.19965,0.19965,0
1888,rcp45_doeclim_co2ppm_transient_conc_in2010_x4,0,temp_doeclim,Tgav,0.204179,0.204179,0
1889,rcp45_doeclim_co2ppm_transient_conc_in2010_x4,0,temp_doeclim,Tgav,0.208515,0.208515,0
1890,rcp45_doeclim_co2ppm_transient_conc_in2010_x4,0,temp_doeclim,Tgav,0.21267,0.21267,0
1891,rcp45_doeclim_co2ppm_transient_conc_in2010_x4,0,temp_doeclim,Tgav,0.216384,0.216384,0
1892,rcp45_doeclim_co2ppm_transient_conc_in2010_x4,0,temp_doeclim,Tgav,0.219673,0.219673,0
1893,rcp45_doeclim_co2ppm_transient_conc_in2010_x4,0,temp_doeclim,Tgav,0.222575,0.222575,0
1894,rcp45_doeclim_co2ppm_transient_conc_in2010_x4,0,temp_doeclim,Tgav,0.2251,0.2251,0
1895,rcp45_doeclim_co2ppm_transient_conc_in2010_x4,0,temp_doeclim,Tgav,0.227305,0.227305,0
1896,rcp45_doeclim_co2ppm_transient_conc_in2010_x4,0,temp_doeclim,Tgav,0.229245,0.229245,0
1897,rcp45_doeclim_co2ppm_transient_conc_in2010_x4,0,temp_doeclim,Tgav,0.231004,0.231004,0
1898,rcp45_doeclim_co2ppm_transient_conc_in2010_x4,0,temp_doeclim,Tgav,0.232754,0.232754,0
1899,rcp45_doeclim_co2ppm_transient_conc_in2010_x4,0,temp_doeclim,Tgav,0.234647,0.234647,0
1900,rcp45_doeclim_co2ppm_transient_conc_in2010_x4,0,temp_doeclim,Tgav,0.236699,0.236699,0
1901,rcp45_doeclim_co2ppm_transient_conc_in2010_x4,0,temp_doeclim,Tgav,0.238646,0.238646,0
1902,rcp45_doeclim_co2ppm_transient_conc_in2010_x4,0,temp_doeclim,Tgav,0.240492,0.240492,0
1903,rcp45_doeclim_co2ppm_transient_conc_in2010_x4,0,temp_doeclim,Tgav,0.242264,0.242264,0
1904,rcp45_doeclim_co2ppm_transient_conc_in2010_x4,0,temp_doeclim,Tgav,0.244015,0.244015,0
1905,rcp45_doeclim_co2ppm_transient_conc_in2010_x4,0,temp_doeclim,Tgav,0.245842,0.245842,0
1906,rcp45_doeclim_co2ppm_transient_conc_in2010_x4,0,temp_doeclim,Tgav,0.247787,0.247787,0
1907,rcp45_doeclim_co2ppm_transient_conc_in2010_x4,0,temp_doeclim,Tgav,0.249774,0.249774,0
1908,rcp45_doeclim_co2ppm_transient_conc_in2010_x4,0,temp_doeclim,Tgav,0.251729,0.251729,0
1909,rcp45_doeclim_co2ppm_transient_conc_in2010_x4,0,temp_doeclim,Tgav,0.253646,0.253646,0
1910,rcp45_doeclim_co2ppm_transient_conc_in2010_x4,0,temp_doeclim,Tgav,0.255535,0.255535,0
1911,rcp45_doeclim_co2ppm_transient_conc_in2010_x4,0,temp_doeclim,Tgav,0.258028,0.258028,0
1912,rcp45_doeclim_co2ppm_transient_conc_in2010_x4,0,temp_doeclim,Tgav,0.261075,0.261075,0
1913,rcp45_doeclim_co2ppm_transient_conc_in2010_x4,0,temp_doeclim,Tgav,0.264505,0.264505,0
1914,rcp45_doeclim_co2ppm_transient_conc_in2010_x4,0,temp_doeclim,Tgav,0.268165,0.268165,0
1915,rcp45_doeclim_co2ppm_transient_conc_in2010_x4,0,temp_doeclim,Tgav,0.271945,0.271945,0
1916,rcp45_doeclim_co2ppm_transient_conc_in2010_x4,0,temp_doeclim,Tgav,0.275863,0.275863,0
1917,rcp45_doeclim_co2ppm_transient_conc_in2010_x4,0,temp_doeclim,Tgav,0.279955,0.279955,0
1918,rcp45_doeclim_co2ppm_transient_conc_in2010_x4,0,temp_doeclim,Tgav,0.284148,0.284148,0
1919,rcp45_doeclim_co2ppm_transient_conc_in2010_x4,0,temp_doeclim,Tgav,0.288366,0.288366,0
1920,rcp45_doeclim_co2ppm_transient_conc_in2010_x4,0,temp_doeclim,Tgav,0.292644,0.292644,0
1921,rcp45_doeclim_co2ppm_transient_conc_in2010_x4,0,temp_doeclim,Tgav,0.296316,0.296316,0
1922,rcp45_doeclim_co2ppm_transient_conc_in2010_x4,0,temp_doeclim,Tgav,0.299386,0.299386,0
1923,rcp45_doeclim_co2ppm_transient_conc_in2010_x4,0,temp_doeclim,Tgav,0.301983,0.301983,0
1924,rcp45_doeclim_co2ppm_transient_conc_in2010_x4,0,temp_doeclim,Tgav,0.304311,0.304311,0
1925,rcp45_doeclim_co2ppm_transient_conc_in2010_x4,0,temp_doeclim,Tgav,0.30655,0.30655,0
1926,rcp45_doeclim_co2ppm_transient_conc_in2010_x4,0,temp_doeclim,Tgav,0.308689,0.308689,0
1927,rcp45_doeclim_co2ppm_transient_conc_in2010_x4,0,temp_doeclim,Tgav,0.310735,0.310735,0
1928,rcp45_doeclim_co2ppm_transient_conc_in2010_x4,0,temp_doeclim,Tgav,0.312795,0.312795,0
1929,rcp45_doeclim_co2ppm_transient_conc_in2010_x4,0,temp_doeclim,Tgav,0.314882,0.314882,0
1930,rcp45_doeclim_co2ppm_transient_conc_in2010_x4,0,temp_doeclim,Tgav,0.31694,0.31694,0
1931,rcp45_doeclim_co2ppm_transient_conc_in2010_x4,0,temp_doeclim,Tgav,0.319101,0.319101,0
1932,rcp45_doeclim_co2ppm_transient_conc_in2010_x4,0,temp_doeclim,Tgav,0.32137,0.32137,0
1933,rcp45_doeclim_co2ppm_transient_conc_in2010_x4,0,temp_doeclim,Tgav,0.323636,0.323636,0
1934,rcp45_doeclim_co2ppm_transient_conc_in2010_x4,0,temp_doeclim,Tgav,0.325835,0.325835,0
1935,rcp45_doeclim_co2ppm_transient_conc_in2010_x4,0,temp_doeclim,Tgav,0.327978,0.327978,0
1936,rcp45_doeclim_co2ppm_transient_conc_in2010_x4,0,temp_doeclim,Tgav,0.329993,0.329993,0
1937,rcp45_doeclim_co2ppm_transient_conc_in2010_x4,0,temp_doeclim,Tgav,0.331717,0.331717,0
1938,rcp45_doeclim_co2ppm_transient_conc_in2010_x4,0,temp_doeclim,Tgav,0.333054,0.333054,0
1939,rcp45_doeclim_co2ppm_transient_conc_in2010_x4,0,temp_doeclim,Tgav,0.333988,0.333988,0
1940,rcp45_doeclim_co2ppm_transient_conc_in2010_x4,0,temp_doeclim,Tgav,0.334519,0.334519,0
1941,rcp45_doeclim_co2ppm_transient_conc_in2010_x4,0,temp_doeclim,Tgav,0.334902,0.334902,0
1942,rcp45_doeclim_co2ppm_transient_conc_in2010_x4,0,temp_doeclim,Tgav,0.335094,0.335094,0
1943,rcp45_doeclim_co2ppm_transient_conc_in2010_x4,0,temp_doeclim,Tgav,0.335073,0.335073,0
1944,rcp45_doeclim_co2ppm_transient_conc_in2010_x4,0,temp_doeclim,Tgav,0.334945,0.334945,0
1945,rcp45_doeclim_co2ppm_transient_conc_in2010_x4,0,temp_doeclim,Tgav,0.334864,0.334864,0
1946,rcp45_doeclim_co2ppm_transient_conc_in2010_x4,0,temp_doeclim,Tgav,0.33497,0.33497,0
1947,rcp45_doeclim_co2ppm_transient_conc_in2010_x4,0,temp_doeclim,Tgav,0.335377,0.335377,0
1948,rcp45_doeclim_co2ppm_transient_conc_in2010_x4,0,temp_doeclim,Tgav,0.336152,0.336152,0
1949,rcp45_doeclim_co2ppm_transient_conc_in2010_x4,0,temp_doeclim,Tgav,0.337343,0.337343,0
1950,rcp45_doeclim_co2ppm_transient_conc_in2010_x4,0,temp_doeclim,Tgav,0.339019,0.339019,0
1951,rcp45_doeclim_co2ppm_transient_conc_in2010_x4,0,temp_doeclim,Tgav,0.339545,0.339545,0
1952,rcp45_doeclim_co2ppm_transient_conc_in2010_x4,0,temp_doeclim,Tgav,0.339076,0.339076,0
1953,rcp45_doeclim_co2ppm_transient_conc_in2010_x4,0,temp_doeclim,Tgav,0.338137,0.338137,0
1954,rcp45_doeclim_co2ppm_transient_conc_in2010_x4,0,temp_doeclim,Tgav,0.337145,0.337145,0
1955,rcp45_doeclim_co2ppm_transient_conc_in2010_x4,0,temp_doeclim,Tgav,0.33641,0.33641,0
1956,rcp45_doeclim_co2ppm_transient_conc_in2010_x4,0,temp_doeclim,Tgav,0.336073,0.336073,0
1957,rcp45_doeclim_co2ppm_transient_conc_in2010_x4,0,temp_doeclim,Tgav,0.336207,0.336207,0
1958,rcp45_doeclim_co2ppm_transient_conc_in2010_x4,0,temp_doeclim,Tgav,0.336793,0.336793,0
1959,rcp45_doeclim_co2ppm_transient_conc_in2010_x4,0,temp_doeclim,Tgav,0.337873,0.337873,0
1960,rcp45_doeclim_co2ppm_transient_conc_in2010_x4,0,temp_doeclim,Tgav,0.339693,0.339693,0
1961,rcp45_doeclim_co2ppm_transient_conc_in2010_x4,0,temp_doeclim,Tgav,0.342279,0.342279,0
1962,rcp45_doeclim_co2ppm_transient_conc_in2010_x4,0,temp_doeclim,Tgav,0.345423,0.345423,0
1963,rcp45_doeclim_co2ppm_transient_conc_in2010_x4,0,temp_doeclim,Tgav,0.348897,0.348897,0
1964,rcp45_doeclim_co2ppm_transient_conc_in2010_x4,0,temp_doeclim,Tgav,0.352606,0.352606,0
1965,rcp45_doeclim_co2ppm_transient_conc_in2010_x4,0,temp_doeclim,Tgav,0.356964,0.356964,0
1966,rcp45_doeclim_co2ppm_transient_conc_in2010_x4,0,temp_doeclim,Tgav,0.362533,0.362533,0
1967,rcp45_doeclim_co2ppm_transient_conc_in2010_x4,0,temp_doeclim,Tgav,0.369229,0.369229,0
1968,rcp45_doeclim_co2ppm_transient_conc_in2010_x4,0,temp_doeclim,Tgav,0.377061,0.377061,0
1969,rcp45_doeclim_co2ppm_transient_conc_in2010_x4,0,temp_doeclim,Tgav,0.386389,0.386389,0
1970,rcp45_doeclim_co2ppm_transient_conc_in2010_x4,0,temp_doeclim,Tgav,0.396818,0.396818,0
1971,rcp45_doeclim_co2ppm_transient_conc_in2010_x4,0,temp_doeclim,Tgav,0.410528,0.410528,0
1972,rcp45_doeclim_co2ppm_transient_conc_in2010_x4,0,temp_doeclim,Tgav,0.428217,0.428217,0
1973,rcp45_doeclim_co2ppm_transient_conc_in2010_x4,0,temp_doeclim,Tgav,0.449735,0.449735,0
1974,rcp45_doeclim_co2ppm_transient_conc_in2010_x4,0,temp_doeclim,Tgav,0.473671,0.473671,0
1975,rcp45_doeclim_co2ppm_transient_conc_in2010_x4,0,temp_doeclim,Tgav,0.498917,0.498917,0
1976,rcp45_doeclim_co2ppm_transient_conc_in2010_x4,0,temp_doeclim,Tgav,0.525722,0.525722,0
1977,rcp45_doeclim_co2ppm_transient_conc_in2010_x4,0,temp_doeclim,Tgav,0.55452,0.55452,0
1978,rcp45_doeclim_co2ppm_transient_conc_in2010_x4,0,temp_doeclim,Tgav,0.585236,0.585236,0
1979,rcp45_doeclim_co2ppm_transient_conc_in2010_x4,0,temp_doeclim,Tgav,0.617267,0.617267,0
1980,rcp45_doeclim_co2ppm_transient_conc_in2010_x4,0,temp_doeclim,Tgav,0.650875,0.650875,0
1981,rcp45_doeclim_co2ppm_transient_conc_in2010_x4,0,temp_doeclim,Tgav,0.684383,0.684383,0
1982,rcp45_doeclim_co2ppm_transient_conc_in2010_x4,0,temp_doeclim,Tgav,0.717041,0.717041,0
1983,rcp45_doeclim_co2ppm_transient_conc_in2010_x4,0,temp_doeclim,Tgav,0.749777,0.749777,0
1984,rcp45_doeclim_co2ppm_transient_conc_in2010_x4,0,temp_doeclim,Tgav,0.783273,0.783273,0
1985,rcp45_doeclim_co2ppm_transient_conc_in2010_x4,0,temp_doeclim,Tgav,0.817126,0.817126,0
1986,rcp45_doeclim_co2ppm_transient_conc_in2010_x4,0,temp_doeclim,Tgav,0.851753,0.851753,0
1987,rcp45_doeclim_co2ppm_transient_conc_in2010_x4,0,temp_doeclim,Tgav,0.887696,0.887696,0
1988,rcp45_doeclim_co2ppm_transient_conc_in2010_x4,0,temp_doeclim,Tgav,0.925131,0.925131,0
1989,rcp45_doeclim_co2ppm_transient_conc_in2010_x4,0,temp_doeclim,Tgav,0.962723,0.962723,0
1990,rcp45_doeclim_co2ppm_transient_conc_in2010_x4,0,temp_doeclim,Tgav,0.99975,0.99975,0
1991,rcp45_doeclim_co2ppm_transient_conc_in2010_x4,0,temp_doeclim,Tgav,1.03612,1.03612,0
1992,rcp45_doeclim_co2ppm_transient_conc_in2010_x4,0,temp_doeclim,Tgav,1.07125,1.07125,0
1993,rcp45_doeclim_co2ppm_transient_conc_in2010_x4,0,temp_doeclim,Tgav,1.1047,1.1047,0
1994,rcp45_doeclim_co2ppm_transient_conc_in2010_x4,0,temp_doeclim,Tgav,1.13731,1.13731,0
1995,rcp45_doeclim_co2ppm_transient_conc_in2010_x4,0,temp_doeclim,Tgav,1.16988,1.16988,0
1996,rcp45_doeclim_co2ppm_transient_conc_in2010_x4,0,temp_doeclim,Tgav,1.20212,1.20212,0
1997,rcp45_doeclim_co2ppm_transient_conc_in2010_x4,0,temp_doeclim,Tgav,1.23391,1.23391,0
1998,rcp45_doeclim_co2ppm_transient_conc_in2010_x4,0,temp_doeclim,Tgav,1.26607,1.26607,0
1999,rcp45_doeclim_co2ppm_transient_conc_in2010_x4,0,temp_doeclim,Tgav,1.29829,1.29829,0
2000,rcp45_doeclim_co2ppm_transient_conc_in2010_x4,0,temp_doeclim,Tgav,1.32967,1.32967,0
2001,rcp45_doeclim_co2ppm_transient_conc_in2010_x4,0,temp_doeclim,Tgav,1.35869,1.35869,0
2002,rcp45_doeclim_co2ppm_transient_conc_in2010_x4,0,temp_doeclim,Tgav,1.3862,1.3862,0
2003,rcp45_doeclim_co2ppm_transient_conc_in2010_x4,0,temp_doeclim,Tgav,1.41314,1.41314,0
2004,rcp45_doeclim_co2ppm_transient_conc_in2010_x4,0,temp_doeclim,Tgav,1.43945,1.43945,0
2005,rcp45_doeclim_co2ppm_transient_conc_in2010_x4,0,temp_doeclim,Tgav,1.46503,1.46503,0
2006,rcp45_doeclim_co2ppm_transient_conc_in2010_x4,0,temp_doeclim,Tgav,1.49111,1.49111,0
2007,rcp45_doeclim_co2ppm_transient_conc_in2010_x4,0,temp_doeclim,Tgav,1.51773,1.51773,0
2008,rcp45_doeclim_co2ppm_transient_conc_in2010_x4,0,temp_doeclim,Tgav,1.54482,1.54482,0
2009,rcp45_doeclim_co2ppm_transient_conc_in2010_x4,0,temp_doeclim,Tgav,1.57245,1.57245,0
2010,rcp45_doeclim_co2ppm_transient_conc_in2010_x4,0,temp_doeclim,Tgav,1.60054,1.60054,0
2011,rcp45_doeclim_co2ppm_transient_conc_in2010_x4,0,temp_doeclim,Tgav,1.63138,1.62592,0.00546
2012,rcp45_doeclim_co2ppm_transient_conc_in2010_x4,0,temp_doeclim,Tgav,1.66486,1.64855,0.01631
2013,rcp45_doeclim_co2ppm_transient_conc_in2010_x4,0,temp_doeclim,Tgav,1.70027,1.6692,0.03107
2014,rcp45_doeclim_co2ppm_transient_conc_in2010_x4,0,temp_doeclim,Tgav,1.73717,1.68837,0.0488
2015,rcp45_doeclim_co2ppm_transient_conc_in2010_x4,0,temp_doeclim,Tgav,1.77524,1.70638,0.06886
2016,rcp45_doeclim_co2ppm_transient_conc_in2010_x4,0,temp_doeclim,Tgav,1.81424,1.72348,0.09076
2017,rcp45_doeclim_co2ppm_transient_conc_in2010_x4,0,temp_doeclim,Tgav,1.85401,1.73984,0.11417
2018,rcp45_doeclim_co2ppm_transient_conc_in2010_x4,0,temp_doeclim,Tgav,1.89442,1.75558,0.13884
2019,rcp45_doeclim_co2ppm_transient_conc_in2010_x4,0,temp_doeclim,Tgav,1.93538,1.7708,0.16458
2020,rcp45_doeclim_co2ppm_transient_conc_in2010_x4,0,temp_doeclim,Tgav,1.97679,1.78557,0.19122
2021,rcp45_doeclim_co2ppm_transient_conc_in2010_x4,0,temp_doeclim,Tgav,2.01865,1.80001,0.21864
2022,rcp45_doeclim_co2ppm_transient_conc_in2010_x4,0,temp_doeclim,Tgav,2.06089,1.81415,0.24674
2023,rcp45_doeclim_co2ppm_transient_conc_in2010_x4,0,temp_doeclim,Tgav,2.10343,1.82798,0.27545
2024,rcp45_doeclim_co2ppm_transient_conc_in2010_x4,0,temp_doeclim,Tgav,2.1462,1.84151,0.30469
2025,rcp45_doeclim_co2ppm_transient_conc_in2010_x4,0,temp_doeclim,Tgav,2.18918,1.85475,0.33443
2026,rcp45_doeclim_co2ppm_transient_conc_in2010_x4,0,temp_doeclim,Tgav,2.23232,1.86774,0.36458
2027,rcp45_doeclim_co2ppm_transient_conc_in2010_x4,0,temp_doeclim,Tgav,2.27561,1.88047,0.39514
2028,rcp45_doeclim_co2ppm_transient_conc_in2010_x4,0,temp_doeclim,Tgav,2.31902,1.89296,0.42606
2029,rcp45_doeclim_co2ppm_transient_conc_in2010_x4,0,temp_doeclim,Tgav,2.36255,1.90524,0.45731
2030,rcp45_doeclim_co2ppm_transient_conc_in2010_x4,0,temp_doeclim,Tgav,2.40617,1.91731,0.48886
2031,rcp45_doeclim_co2ppm_transient_conc_in2010_x4,0,temp_doeclim,Tgav,2.44981,1.92911,0.5207
2032,rcp45_doeclim_co2ppm_transient_conc_in2010_x4,0,temp_doeclim,Tgav,2.49342,1.94062,0.5528
2033,rcp45_doeclim_co2ppm_transient_conc_in2010_x4,0,temp_doeclim,Tgav,2.53696,1.95182,0.58514
2034,rcp45_doeclim_co2ppm_transient_conc_in2010_x4,0,temp_doeclim,Tgav,2.58041,1.9627,0.61771
2035,rcp45_doeclim_co2ppm_transient_conc_in2010_x4,0,temp_doeclim,Tgav,2.62373,1.97324,0.65049
2036,rcp45_doeclim_co2ppm_transient_conc_in2010_x4,0,temp_doeclim,Tgav,2.6669,1.98342,0.68348
2037,rcp45_doeclim_co2ppm_transient_conc_in2010_x4,0,temp_doeclim,Tgav,2.70989,1.99322,0.71667
2038,rcp45_doeclim_co2ppm_transient_conc_in2010_x4,0,temp_doeclim,Tgav,2.75267,2.00265,0.75002
2039,rcp45_doeclim_co2ppm_transient_conc_in2010_x4,0,temp_doeclim,Tgav,2.79524,2.01169,0.78355
2040,rcp45_doeclim_co2ppm_transient_conc_in2010_x4,0,temp_doeclim,Tgav,2.83758,2.02034,0.81724
2041,rcp45_doeclim_co2ppm_transient_conc_in2010_x4,0,temp_doeclim,Tgav,2.87963,2.02855,0.85108
2042,rcp45_doeclim_co2ppm_transient_conc_in2010_x4,0,temp_doeclim,Tgav,2.92142,2.03635,0.88507
2043,rcp45_doeclim_co2ppm_transient_conc_in2010_x4,0,temp_doeclim,Tgav,2.96298,2.04378,0.9192
2044,rcp45_doeclim_co2ppm_transient_conc_in2010_x4,0,temp_doeclim,Tgav,3.00434,2.05088,0.95346
2045,rcp45_doeclim_co2ppm_transient_conc_in2010_x4,0,temp_doeclim,Tgav,3.04555,2.0577,0.98785
2046,rcp45_doeclim_co2ppm_transient_conc_in2010_x4,0,temp_doeclim,Tgav,3.08665,2.06429,1.02236
2047,rcp45_doeclim_co2ppm_transient_conc_in2010_x4,0,temp_doeclim,Tgav,3.12768,2.07069,1.05699
2048,rcp45_doeclim_co2ppm_transient_conc_in2010_x4,0,temp_doeclim,Tgav,3.16867,2.07694,1.09173
2049,rcp45_doeclim_co2ppm_transient_conc_in2010_x4,0,temp_doeclim,Tgav,3.20965,2.08307,1.12658
2050,rcp45_doeclim_co2ppm_transient_conc_in2010_x4,0,temp_doeclim,Tgav,3.25065,2.08912,1.16153
2051,rcp45_doeclim_co2ppm_transient_conc_in2010_x4,0,temp_doeclim,Tgav,3.29104,2.09446,1.19658
2052,rcp45_doeclim_co2ppm_transient_conc_in2010_x4,0,temp_doeclim,Tgav,3.33083,2.09909,1.23174
2053,rcp45_doeclim_co2ppm_transient_conc_in2010_x4,0,temp_doeclim,Tgav,3.37018,2.1032,1.26698
2054,rcp45_doeclim_co2ppm_transient_conc_in2010_x4,0,temp_doeclim,Tgav,3.4092,2.1069,1.3023
2055,rcp45_doeclim_co2ppm_transient_conc_in2010_x4,0,temp_doeclim,Tgav,3.44799,2.11026,1.33773
2056,rcp45_doeclim_co2ppm_transient_conc_in2010_x4,0,temp_doeclim,Tgav,3.48659,2.11336,1.37323
2057,rcp45_doeclim_co2ppm_transient_conc_in2010_x4,0,temp_doeclim,Tgav,3.52506,2.11624,1.40882
2058,rcp45_doeclim_co2ppm_transient_conc_in2010_x4,0,temp_doeclim,Tgav,3.56342,2.11895,1.44447
2059,rcp45_doeclim_co2ppm_transient_conc_in2010_x4,0,temp_doeclim,Tgav,3.60172,2.1215,1.48022
2060,rcp45_doeclim_co2ppm_transient_conc_in2010_x4,0,temp_doeclim,Tgav,3.63996,2.12394,1.51602
2061,rcp45_doeclim_co2ppm_transient_conc_in2010_x4,0,temp_doeclim,Tgav,3.67806,2.12615,1.55191
2062,rcp45_doeclim_co2ppm_transient_conc_in2010_x4,0,temp_doeclim,Tgav,3.71602,2.12816,1.58786
2063,rcp45_doeclim_co2ppm_transient_conc_in2010_x4,0,temp_doeclim,Tgav,3.75389,2.13,1.62389
2064,rcp45_doeclim_co2ppm_transient_conc_in2010_x4,0,temp_doeclim,Tgav,3.7917,2.13172,1.65998
2065,rcp45_doeclim_co2ppm_transient_conc_in2010_x4,0,temp_doeclim,Tgav,3.82946,2.13333,1.69613
2066,rcp45_doeclim_co2ppm_transient_conc_in2010_x4,0,temp_doeclim,Tgav,3.8672,2.13486,1.73234
2067,rcp45_doeclim_co2ppm_transient_conc_in2010_x4,0,temp_doeclim,Tgav,3.90492,2.13631,1.76861
2068,rcp45_doeclim_co2ppm_transient_conc_in2010_x4,0,temp_doeclim,Tgav,3.94265,2.1377,1.80495
2069,rcp45_doeclim_co2ppm_transient_conc_in2010_x4,0,temp_doeclim,Tgav,3.98039,2.13905,1.84134
2070,rcp45_doeclim_co2ppm_transient_conc_in2010_x4,0,temp_doeclim,Tgav,4.01813,2.14035,1.87778
2071,rcp45_doeclim_co2ppm_transient_conc_in2010_x4,0,temp_doeclim,Tgav,4.05578,2.14149,1.91429
2072,rcp45_doeclim_co2ppm_transient_conc_in2010_x4,0,temp_doeclim,Tgav,4.09332,2.14247,1.95085
2073,rcp45_doeclim_co2ppm_transient_conc_in2010_x4,0,temp_doeclim,Tgav,4.13079,2.14334,1.98745
2074,rcp45_doeclim_co2ppm_transient_conc_in2010_x4,0,temp_doeclim,Tgav,4.16821,2.1441,2.02411
2075,rcp45_doeclim_co2ppm_transient_conc_in2010_x4,0,temp_doeclim,Tgav,4.20561,2.14479,2.06082
2076,rcp45_doeclim_co2ppm_transient_conc_in2010_x4,0,temp_doeclim,Tgav,4.24299,2.14541,2.09758
2077,rcp45_doeclim_co2ppm_transient_conc_in2010_x4,0,temp_doeclim,Tgav,4.28036,2.14598,2.13438
2078,rcp45_doeclim_co2ppm_transient_conc_in2010_x4,0,temp_doeclim,Tgav,4.31773,2.1465,2.17123
2079,rcp45_doeclim_co2ppm_transient_conc_in2010_x4,0,temp_doeclim,Tgav,4.35511,2.14698,2.20813
2080,rcp45_doeclim_co2ppm_transient_conc_in2010_x4,0,temp_doeclim,Tgav,4.39249,2.14742,2.24507
2081,rcp45_doeclim_co2ppm_transient_conc_in2010_x4,0,temp_doeclim,Tgav,4.42425,2.14766,2.27659
2082,rcp45_doeclim_co2ppm_transient_conc_in2010_x4,0,temp_doeclim,Tgav,4.4505,2.14773,2.30277
2083,rcp45_doeclim_co2ppm_transient_conc_in2010_x4,0,temp_doeclim,Tgav,4.47276,2.14768,2.32508
2084,rcp45_doeclim_co2ppm_transient_conc_in2010_x4,0,temp_doeclim,Tgav,4.49203,2.14757,2.34446
2085,rcp45_doeclim_co2ppm_transient_conc_in2010_x4,0,temp_doeclim,Tgav,4.509,2.14744,2.36156
2086,rcp45_doeclim_co2ppm_transient_conc_in2010_x4,0,temp_doeclim,Tgav,4.52414,2.14729,2.37685
2087,rcp45_doeclim_co2ppm_transient_conc_in2010_x4,0,temp_doeclim,Tgav,4.53781,2.14715,2.39066
2088,rcp45_doeclim_co2ppm_transient_conc_in2010_x4,0,temp_doeclim,Tgav,4.55028,2.14703,2.40325
2089,rcp45_doeclim_co2ppm_transient_conc_in2010_x4,0,temp_doeclim,Tgav,4.56175,2.14693,2.41482
2090,rcp45_doeclim_co2ppm_transient_conc_in2010_x4,0,temp_doeclim,Tgav,4.57238,2.14686,2.42552
2091,rcp45_doeclim_co2ppm_transient_conc_in2010_x4,0,temp_doeclim,Tgav,4.5823,2.14682,2.43548
2092,rcp45_doeclim_co2ppm_transient_conc_in2010_x4,0,temp_doeclim,Tgav,4.5916,2.14682,2.44478
2093,rcp45_doeclim_co2ppm_transient_conc_in2010_x4,0,temp_doeclim,Tgav,4.60037,2.14685,2.45352
2094,rcp45_doeclim_co2ppm_transient_conc_in2010_x4,0,temp_doeclim,Tgav,4.60867,2.14692,2.46175
2095,rcp45_doeclim_co2ppm_transient_conc_in2010_x4,0,temp_doeclim,Tgav,4.61655,2.14702,2.46953
2096,rcp45_doeclim_co2ppm_transient_conc_in2010_x4,0,temp_doeclim,Tgav,4.62407,2.14715,2.47692
2097,rcp45_doeclim_co2ppm_transient_conc_in2010_x4,0,temp_doeclim,Tgav,4.63126,2.14732,2.48394
2098,rcp45_doeclim_co2ppm_transient_conc_in2010_x4,0,temp_doeclim,Tgav,4.63815,2.14753,2.49062
2099,rcp45_doeclim_co2ppm_transient_conc_in2010_x4,0,temp_doeclim,Tgav,4.64478,2.14776,2.49702
2100,rcp45_doeclim_co2ppm_transient_conc_in2010_x4,0,temp_doeclim,Tgav,4.65116,2.14803,2.50313
2101,rcp45_doeclim_co2ppm_transient_conc_in2010_x4,0,temp_doeclim,Tgav,4.65727,2.14827,2.509
2102,rcp45_doeclim_co2ppm_transient_conc_in2010_x4,0,temp_doeclim,Tgav,4.66312,2.14849,2.51463
2103,rcp45_doeclim_co2ppm_transient_conc_in2010_x4,0,temp_doeclim,Tgav,4.66876,2.14871,2.52005
2104,rcp45_doeclim_co2ppm_transient_conc_in2010_x4,0,temp_doeclim,Tgav,4.6742,2.14894,2.52526
2105,rcp45_doeclim_co2ppm_transient_conc_in2010_x4,0,temp_doeclim,Tgav,4.67947,2.14918,2.53029
2106,rcp45_doeclim_co2ppm_transient_conc_in2010_x4,0,temp_doeclim,Tgav,4.68458,2.14943,2.53515
2107,rcp45_doeclim_co2ppm_transient_conc_in2010_x4,0,temp_doeclim,Tgav,4.68954,2.1497,2.53984
2108,rcp45_doeclim_co2ppm_transient_conc_in2010_x4,0,temp_doeclim,Tgav,4.69437,2.14999,2.54438
2109,rcp45_doeclim_co2ppm_transient_conc_in2010_x4,0,temp_doeclim,Tgav,4.69907,2.1503,2.54877
2110,rcp45_doeclim_co2ppm_transient_conc_in2010_x4,0,temp_doeclim,Tgav,4.70365,2.15062,2.55303
2111,rcp45_doeclim_co2ppm_transient_conc_in2010_x4,0,temp_doeclim,Tgav,4.70812,2.15095,2.55717
2112,rcp45_doeclim_co2ppm_transient_conc_in2010_x4,0,temp_doeclim,Tgav,4.71247,2.1513,2.56117
2113,rcp45_doeclim_co2ppm_transient_conc_in2010_x4,0,temp_doeclim,Tgav,4.71673,2.15165,2.56508
2114,rcp45_doeclim_co2ppm_transient_conc_in2010_x4,0,temp_doeclim,Tgav,4.72088,2.15202,2.56886
2115,rcp45_doeclim_co2ppm_transient_conc_in2010_x4,0,temp_doeclim,Tgav,4.72493,2.15239,2.57254
2116,rcp45_doeclim_co2ppm_transient_conc_in2010_x4,0,temp_doeclim,Tgav,4.72889,2.15276,2.57613
2117,rcp45_doeclim_co2ppm_transient_conc_in2010_x4,0,temp_doeclim,Tgav,4.73277,2.15314,2.57963
2118,rcp45_doeclim_co2ppm_transient_conc_in2010_x4,0,temp_doeclim,Tgav,4.73655,2.15352,2.58303
2119,rcp45_doeclim_co2ppm_transient_conc_in2010_x4,0,temp_doeclim,Tgav,4.74025,2.1539,2.58635
2120,rcp45_doeclim_co2ppm_transient_conc_in2010_x4,0,temp_doeclim,Tgav,4.74387,2.15428,2.58959
2121,rcp45_doeclim_co2ppm_transient_conc_in2010_x4,0,temp_doeclim,Tgav,4.7474,2.15466,2.59274
2122,rcp45_doeclim_co2ppm_transient_conc_in2010_x4,0,temp_doeclim,Tgav,4.75086,2.15503,2.59583
2123,rcp45_doeclim_co2ppm_transient_conc_in2010_x4,0,temp_doeclim,Tgav,4.75425,2.1554,2.59885
2124,rcp45_doeclim_co2ppm_transient_conc_in2010_x4,0,temp_doeclim,Tgav,4.75756,2.15577,2.60179
2125,rcp45_doeclim_co2ppm_transient_conc_in2010_x4,0,temp_doeclim,Tgav,4.7608,2.15612,2.60468
2126,rcp45_doeclim_co2ppm_transient_conc_in2010_x4,0,temp_doeclim,Tgav,4.76396,2.15647,2.60749
2127,rcp45_doeclim_co2ppm_transient_conc_in2010_x4,0,temp_doeclim,Tgav,4.76706,2.15682,2.61024
2128,rcp45_doeclim_co2ppm_transient_conc_in2010_x4,0,temp_doeclim,Tgav,4.77009,2.15715,2.61294
2129,rcp45_doeclim_co2ppm_transient_conc_in2010_x4,0,temp_doeclim,Tgav,4.77306,2.15747,2.61559
2130,rcp45_doeclim_co2ppm_transient_conc_in2010_x4,0,temp_doeclim,Tgav,4.77596,2.15779,2.61817
2131,rcp45_doeclim_co2ppm_transient_conc_in2010_x4,0,temp_doeclim,Tgav,4.7788,2.15809,2.62071
2132,rcp45_doeclim_co2ppm_transient_conc_in2010_x4,0,temp_doeclim,Tgav,4.78158,2.15839,2.62319
2133,rcp45_doeclim_co2ppm_transient_conc_in2010_x4,0,temp_doeclim,Tgav,4.7843,2.15867,2.62563
2134,rcp45_doeclim_co2ppm_transient_conc_in2010_x4,0,temp_doeclim,Tgav,4.78696,2.15894,2.62802
2135,rcp45_doeclim_co2ppm_transient_conc_in2010_x4,0,temp_doeclim,Tgav,4.78956,2.15919,2.63037
2136,rcp45_doeclim_co2ppm_transient_conc_in2010_x4,0,temp_doeclim,Tgav,4.7921,2.15944,2.63266
2137,rcp45_doeclim_co2ppm_transient_conc_in2010_x4,0,temp_doeclim,Tgav,4.7946,2.15967,2.63493
2138,rcp45_doeclim_co2ppm_transient_conc_in2010_x4,0,temp_doeclim,Tgav,4.79703,2.15989,2.63714
2139,rcp45_doeclim_co2ppm_transient_conc_in2010_x4,0,temp_doeclim,Tgav,4.79942,2.1601,2.63932
2140,rcp45_doeclim_co2ppm_transient_conc_in2010_x4,0,temp_doeclim,Tgav,4.80175,2.16029,2.64146
2141,rcp45_doeclim_co2ppm_transient_conc_in2010_x4,0,temp_doeclim,Tgav,4.80403,2.16047,2.64356
2142,rcp45_doeclim_co2ppm_transient_conc_in2010_x4,0,temp_doeclim,Tgav,4.80626,2.16064,2.64562
2143,rcp45_doeclim_co2ppm_transient_conc_in2010_x4,0,temp_doeclim,Tgav,4.80844,2.16079,2.64765
2144,rcp45_doeclim_co2ppm_transient_conc_in2010_x4,0,temp_doeclim,Tgav,4.81057,2.16093,2.64964
2145,rcp45_doeclim_co2ppm_transient_conc_in2010_x4,0,temp_doeclim,Tgav,4.81266,2.16105,2.65161
2146,rcp45_doeclim_co2ppm_transient_conc_in2010_x4,0,temp_doeclim,Tgav,4.8147,2.16116,2.65354
2147,rcp45_doeclim_co2ppm_transient_conc_in2010_x4,0,temp_doeclim,Tgav,4.8167,2.16126,2.65544
2148,rcp45_doeclim_co2ppm_transient_conc_in2010_x4,0,temp_doeclim,Tgav,4.81865,2.16134,2.65731
2149,rcp45_doeclim_co2ppm_transient_conc_in2010_x4,0,temp_doeclim,Tgav,4.82066,2.16151,2.65915
2150,rcp45_doeclim_co2ppm_transient_conc_in2010_x4,0,temp_doeclim,Tgav,4.82274,2.16178,2.66096
2151,rcp45_doeclim_co2ppm_transient_conc_in2010_x4,0,temp_doeclim,Tgav,4.82486,2.16211,2.66275
2152,rcp45_doeclim_co2ppm_transient_conc_in2010_x4,0,temp_doeclim,Tgav,4.82699,2.1625,2.66449
2153,rcp45_doeclim_co2ppm_transient_conc_in2010_x4,0,temp_doeclim,Tgav,4.82914,2.16292,2.66622
2154,rcp45_doeclim_co2ppm_transient_conc_in2010_x4,0,temp_doeclim,Tgav,4.83129,2.16336,2.66793
2155,rcp45_doeclim_co2ppm_transient_conc_in2010_x4,0,temp_doeclim,Tgav,4.83344,2.16384,2.6696
2156,rcp45_doeclim_co2ppm_transient_conc_in2010_x4,0,temp_doeclim,Tgav,4.83558,2.16432,2.67126
2157,rcp45_doeclim_co2ppm_transient_conc_in2010_x4,0,temp_doeclim,Tgav,4.83771,2.16483,2.67288
2158,rcp45_doeclim_co2ppm_transient_conc_in2010_x4,0,temp_doeclim,Tgav,4.83983,2.16534,2.67449
2159,rcp45_doeclim_co2ppm_transient_conc_in2010_x4,0,temp_doeclim,Tgav,4.84194,2.16587,2.67607
2160,rcp45_doeclim_co2ppm_transient_conc_in2010_x4,0,temp_doeclim,Tgav,4.84403,2.1664,2.67763
2161,rcp45_doeclim_co2ppm_transient_conc_in2010_x4,0,temp_doeclim,Tgav,4.84611,2.16694,2.67917
2162,rcp45_doeclim_co2ppm_transient_conc_in2010_x4,0,temp_doeclim,Tgav,4.84817,2.16748,2.68069
2163,rcp45_doeclim_co2ppm_transient_conc_in2010_x4,0,temp_doeclim,Tgav,4.85022,2.16803,2.68219
2164,rcp45_doeclim_co2ppm_transient_conc_in2010_x4,0,temp_doeclim,Tgav,4.85225,2.16858,2.68367
2165,rcp45_doeclim_co2ppm_transient_conc_in2010_x4,0,temp_doeclim,Tgav,4.85426,2.16913,2.68513
2166,rcp45_doeclim_co2ppm_transient_conc_in2010_x4,0,temp_doeclim,Tgav,4.85625,2.16969,2.68656
2167,rcp45_doeclim_co2ppm_transient_conc_in2010_x4,0,temp_doeclim,Tgav,4.85823,2.17025,2.68798
2168,rcp45_doeclim_co2ppm_transient_conc_in2010_x4,0,temp_doeclim,Tgav,4.86019,2.17081,2.68938
2169,rcp45_doeclim_co2ppm_transient_conc_in2010_x4,0,temp_doeclim,Tgav,4.86213,2.17137,2.69076
2170,rcp45_doeclim_co2ppm_transient_conc_in2010_x4,0,temp_doeclim,Tgav,4.86406,2.17193,2.69213
2171,rcp45_doeclim_co2ppm_transient_conc_in2010_x4,0,temp_doeclim,Tgav,4.86597,2.17249,2.69348
2172,rcp45_doeclim_co2ppm_transient_conc_in2010_x4,0,temp_doeclim,Tgav,4.86786,2.17306,2.6948
2173,rcp45_doeclim_co2ppm_transient_conc_in2010_x4,0,temp_doeclim,Tgav,4.86974,2.17362,2.69612
2174,rcp45_doeclim_co2ppm_transient_conc_in2010_x4,0,temp_doeclim,Tgav,4.8716,2.17418,2.69742
2175,rcp45_doeclim_co2ppm_transient_conc_in2010_x4,0,temp_doeclim,Tgav,4.87344,2.17474,2.6987
2176,rcp45_doeclim_co2ppm_transient_conc_in2010_x4,0,temp_doeclim,Tgav,4.87526,2.1753,2.69996
2177,rcp45_doeclim_co2ppm_transient_conc_in2010_x4,0,temp_doeclim,Tgav,4.87707,2.17586,2.70121
2178,rcp45_doeclim_co2ppm_transient_conc_in2010_x4,0,temp_doeclim,Tgav,4.87887,2.17641,2.70246
2179,rcp45_doeclim_co2ppm_transient_conc_in2010_x4,0,temp_doeclim,Tgav,4.88065,2.17697,2.70368
2180,rcp45_doeclim_co2ppm_transient_conc_in2010_x4,0,temp_doeclim,Tgav,4.88241,2.17752,2.70489
2181,rcp45_doeclim_co2ppm_transient_conc_in2010_x4,0,temp_doeclim,Tgav,4.88416,2.17808,2.70608
2182,rcp45_doeclim_co2ppm_transient_conc_in2010_x4,0,temp_doeclim,Tgav,4.88589,2.17863,2.70726
2183,rcp45_doeclim_co2ppm_transient_conc_in2010_x4,0,temp_doeclim,Tgav,4.8876,2.17918,2.70842
2184,rcp45_doeclim_co2ppm_transient_conc_in2010_x4,0,temp_doeclim,Tgav,4.8893,2.17973,2.70957
2185,rcp45_doeclim_co2ppm_transient_conc_in2010_x4,0,temp_doeclim,Tgav,4.89099,2.18027,2.71072
2186,rcp45_doeclim_co2ppm_transient_conc_in2010_x4,0,temp_doeclim,Tgav,4.89266,2.18082,2.71184
2187,rcp45_doeclim_co2ppm_transient_conc_in2010_x4,0,temp_doeclim,Tgav,4.89432,2.18136,2.71296
2188,rcp45_doeclim_co2ppm_transient_conc_in2010_x4,0,temp_doeclim,Tgav,4.89596,2.1819,2.71406
2189,rcp45_doeclim_co2ppm_transient_conc_in2010_x4,0,temp_doeclim,Tgav,4.89759,2.18244,2.71515
2190,rcp45_doeclim_co2ppm_transient_conc_in2010_x4,0,temp_doeclim,Tgav,4.89921,2.18297,2.71624
2191,rcp45_doeclim_co2ppm_transient_conc_in2010_x4,0,temp_doeclim,Tgav,4.90081,2.18351,2.7173
2192,rcp45_doeclim_co2ppm_transient_conc_in2010_x4,0,temp_doeclim,Tgav,4.9024,2.18404,2.71836
2193,rcp45_doeclim_co2ppm_transient_conc_in2010_x4,0,temp_doeclim,Tgav,4.90397,2.18457,2.7194
2194,rcp45_doeclim_co2ppm_transient_conc_in2010_x4,0,temp_doeclim,Tgav,4.90553,2.18509,2.72044
2195,rcp45_doeclim_co2ppm_transient_conc_in2010_x4,0,temp_doeclim,Tgav,4.90708,2.18562,2.72146
2196,rcp45_doeclim_co2ppm_transient_conc_in2010_x4,0,temp_doeclim,Tgav,4.90862,2.18614,2.72248
2197,rcp45_doeclim_co2ppm_transient_conc_in2010_x4,0,temp_doeclim,Tgav,4.91014,2.18666,2.72348
2198,rcp45_doeclim_co2ppm_transient_conc_in2010_x4,0,temp_doeclim,Tgav,4.91165,2.18718,2.72447
2199,rcp45_doeclim_co2ppm_transient_conc_in2010_x4,0,temp_doeclim,Tgav,4.91315,2.1877,2.72545
2200,rcp45_doeclim_co2ppm_transient_conc_in2010_x4,0,temp_doeclim,Tgav,4.91463,2.18821,2.72642
2201,rcp45_doeclim_co2ppm_transient_conc_in2010_x4,0,temp_doeclim,Tgav,4.9161,2.18872,2.72738
2202,rcp45_doeclim_co2ppm_transient_conc_in2010_x4,0,temp_doeclim,Tgav,4.91756,2.18923,2.72833
2203,rcp45_doeclim_co2ppm_transient_conc_in2010_x4,0,temp_doeclim,Tgav,4.91901,2.18973,2.72928
2204,rcp45_doeclim_co2ppm_transient_conc_in2010_x4,0,temp_doeclim,Tgav,4.92045,2.19024,2.73021
2205,rcp45_doeclim_co2ppm_transient_conc_in2010_x4,0,temp_doeclim,Tgav,4.92188,2.19074,2.73114
2206,rcp45_doeclim_co2ppm_transient_conc_in2010_x4,0,temp_doeclim,Tgav,4.92329,2.19124,2.73205
2207,rcp45_doeclim_co2ppm_transient_conc_in2010_x4,0,temp_doeclim,Tgav,4.9247,2.19173,2.73297
2208,rcp45_doeclim_co2ppm_transient_conc_in2010_x4,0,temp_doeclim,Tgav,4.92609,2.19223,2.73386
2209,rcp45_doeclim_co2ppm_transient_conc_in2010_x4,0,temp_doeclim,Tgav,4.92747,2.19272,2.73475
2210,rcp45_doeclim_co2ppm_transient_conc_in2010_x4,0,temp_doeclim,Tgav,4.92884,2.19321,2.73563
2211,rcp45_doeclim_co2ppm_transient_conc_in2010_x4,0,temp_doeclim,Tgav,4.9302,2.19369,2.73651
2212,rcp45_doeclim_co2ppm_transient_conc_in2010_x4,0,temp_doeclim,Tgav,4.93155,2.19418,2.73737
2213,rcp45_doeclim_co2ppm_transient_conc_in2010_x4,0,temp_doeclim,Tgav,4.93289,2.19466,2.73823
2214,rcp45_doeclim_co2ppm_transient_conc_in2010_x4,0,temp_doeclim,Tgav,4.93422,2.19514,2.73908
2215,rcp45_doeclim_co2ppm_transient_conc_in2010_x4,0,temp_doeclim,Tgav,4.93554,2.19561,2.73993
2216,rcp45_doeclim_co2ppm_transient_conc_in2010_x4,0,temp_doeclim,Tgav,4.93685,2.19609,2.74076
2217,rcp45_doeclim_co2ppm_transient_conc_in2010_x4,0,temp_doeclim,Tgav,4.93815,2.19656,2.74159
2218,rcp45_doeclim_co2ppm_transient_conc_in2010_x4,0,temp_doeclim,Tgav,4.93944,2.19703,2.74241
2219,rcp45_doeclim_co2ppm_transient_conc_in2010_x4,0,temp_doeclim,Tgav,4.94072,2.1975,2.74322
2220,rcp45_doeclim_co2ppm_transient_conc_in2010_x4,0,temp_doeclim,Tgav,4.94199,2.19796,2.74403
2221,rcp45_doeclim_co2ppm_transient_conc_in2010_x4,0,temp_doeclim,Tgav,4.94325,2.19843,2.74482
2222,rcp45_doeclim_co2ppm_transient_conc_in2010_x4,0,temp_doeclim,Tgav,4.9445,2.19889,2.74561
2223,rcp45_doeclim_co2ppm_transient_conc_in2010_x4,0,temp_doeclim,Tgav,4.94575,2.19934,2.74641
2224,rcp45_doeclim_co2ppm_transient_conc_in2010_x4,0,temp_doeclim,Tgav,4.94698,2.1998,2.74718
2225,rcp45_doeclim_co2ppm_transient_conc_in2010_x4,0,temp_doeclim,Tgav,4.9482,2.20025,2.74795
2226,rcp45_doeclim_co2ppm_transient_conc_in2010_x4,0,temp_doeclim,Tgav,4.94942,2.2007,2.74872
2227,rcp45_doeclim_co2ppm_transient_conc_in2010_x4,0,temp_doeclim,Tgav,4.95063,2.20115,2.74948
2228,rcp45_doeclim_co2ppm_transient_conc_in2010_x4,0,temp_doeclim,Tgav,4.95183,2.2016,2.75023
2229,rcp45_doeclim_co2ppm_transient_conc_in2010_x4,0,temp_doeclim,Tgav,4.95302,2.20204,2.75098
2230,rcp45_doeclim_co2ppm_transient_conc_in2010_x4,0,temp_doeclim,Tgav,4.9542,2.20249,2.75171
2231,rcp45_doeclim_co2ppm_transient_conc_in2010_x4,0,temp_doeclim,Tgav,4.95537,2.20293,2.75244
2232,rcp45_doeclim_co2ppm_transient_conc_in2010_x4,0,temp_doeclim,Tgav,4.95653,2.20336,2.75317
2233,rcp45_doeclim_co2ppm_transient_conc_in2010_x4,0,temp_doeclim,Tgav,4.95769,2.2038,2.75389
2234,rcp45_doeclim_co2ppm_transient_conc_in2010_x4,0,temp_doeclim,Tgav,4.95884,2.20423,2.75461
2235,rcp45_doeclim_co2ppm_transient_conc_in2010_x4,0,temp_doeclim,Tgav,4.95998,2.20466,2.75532
2236,rcp45_doeclim_co2ppm_transient_conc_in2010_x4,0,temp_doeclim,Tgav,4.96111,2.20509,2.75602
2237,rcp45_doeclim_co2ppm_transient_conc_in2010_x4,0,temp_doeclim,Tgav,4.96224,2.20552,2.75672
2238,rcp45_doeclim_co2ppm_transient_conc_in2010_x4,0,temp_doeclim,Tgav,4.96336,2.20594,2.75742
2239,rcp45_doeclim_co2ppm_transient_conc_in2010_x4,0,temp_doeclim,Tgav,4.96447,2.20637,2.7581
2240,rcp45_doeclim_co2ppm_transient_conc_in2010_x4,0,temp_doeclim,Tgav,4.96557,2.20679,2.75878
2241,rcp45_doeclim_co2ppm_transient_conc_in2010_x4,0,temp_doeclim,Tgav,4.96666,2.2072,2.75946
2242,rcp45_doeclim_co2ppm_transient_conc_in2010_x4,0,temp_doeclim,Tgav,4.96775,2.20762,2.76013
2243,rcp45_doeclim_co2ppm_transient_conc_in2010_x4,0,temp_doeclim,Tgav,4.96883,2.20803,2.7608
2244,rcp45_doeclim_co2ppm_transient_conc_in2010_x4,0,temp_doeclim,Tgav,4.9699,2.20845,2.76145
2245,rcp45_doeclim_co2ppm_transient_conc_in2010_x4,0,temp_doeclim,Tgav,4.97097,2.20886,2.76211
2246,rcp45_doeclim_co2ppm_transient_conc_in2010_x4,0,temp_doeclim,Tgav,4.97203,2.20926,2.76277
2247,rcp45_doeclim_co2ppm_transient_conc_in2010_x4,0,temp_doeclim,Tgav,4.97308,2.20967,2.76341
2248,rcp45_doeclim_co2ppm_transient_conc_in2010_x4,0,temp_doeclim,Tgav,4.97412,2.21007,2.76405
2249,rcp45_doeclim_co2ppm_transient_conc_in2010_x4,0,temp_doeclim,Tgav,4.97516,2.21048,2.76468
2250,rcp45_doeclim_co2ppm_transient_conc_in2010_x4,0,temp_doeclim,Tgav,4.97619,2.21087,2.76532
2251,rcp45_doeclim_co2ppm_transient_conc_in2010_x4,0,temp_doeclim,Tgav,4.97722,2.21127,2.76595
2252,rcp45_doeclim_co2ppm_transient_conc_in2010_x4,0,temp_doeclim,Tgav,4.97823,2.21167,2.76656
2253,rcp45_doeclim_co2ppm_transient_conc_in2010_x4,0,temp_doeclim,Tgav,4.97925,2.21206,2.76719
2254,rcp45_doeclim_co2ppm_transient_conc_in2010_x4,0,temp_doeclim,Tgav,4.98025,2.21245,2.7678
2255,rcp45_doeclim_co2ppm_transient_conc_in2010_x4,0,temp_doeclim,Tgav,4.98125,2.21284,2.76841
2256,rcp45_doeclim_co2ppm_transient_conc_in2010_x4,0,temp_doeclim,Tgav,4.98224,2.21323,2.76901
2257,rcp45_doeclim_co2ppm_transient_conc_in2010_x4,0,temp_doeclim,Tgav,4.98323,2.21362,2.76961
2258,rcp45_doeclim_co2ppm_transient_conc_in2010_x4,0,temp_doeclim,Tgav,4.98421,2.214,2.77021
2259,rcp45_doeclim_co2ppm_transient_conc_in2010_x4,0,temp_doeclim,Tgav,4.98518,2.21438,2.7708
2260,rcp45_doeclim_co2ppm_transient_conc_in2010_x4,0,temp_doeclim,Tgav,4.98615,2.21476,2.77139
2261,rcp45_doeclim_co2ppm_transient_conc_in2010_x4,0,temp_doeclim,Tgav,4.98711,2.21514,2.77197
2262,rcp45_doeclim_co2ppm_transient_conc_in2010_x4,0,temp_doeclim,Tgav,4.98807,2.21552,2.77255
2263,rcp45_doeclim_co2ppm_transient_conc_in2010_x4,0,temp_doeclim,Tgav,4.98902,2.2159,2.77312
2264,rcp45_doeclim_co2ppm_transient_conc_in2010_x4,0,temp_doeclim,Tgav,4.98996,2.21627,2.77369
2265,rcp45_doeclim_co2ppm_transient_conc_in2010_x4,0,temp_doeclim,Tgav,4.9909,2.21664,2.77426
2266,rcp45_doeclim_co2ppm_transient_conc_in2010_x4,0,temp_doeclim,Tgav,4.99183,2.21701,2.77482
2267,rcp45_doeclim_co2ppm_transient_conc_in2010_x4,0,temp_doeclim,Tgav,4.99276,2.21738,2.77538
2268,rcp45_doeclim_co2ppm_transient_conc_in2010_x4,0,temp_doeclim,Tgav,4.99368,2.21774,2.77594
2269,rcp45_doeclim_co2ppm_transient_conc_in2010_x4,0,temp_doeclim,Tgav,4.99459,2.21811,2.77648
2270,rcp45_doeclim_co2ppm_transient_conc_in2010_x4,0,temp_doeclim,Tgav,4.9955,2.21847,2.77703
2271,rcp45_doeclim_co2ppm_transient_conc_in2010_x4,0,temp_doeclim,Tgav,4.99641,2.21883,2.77758
2272,rcp45_doeclim_co2ppm_transient_conc_in2010_x4,0,temp_doeclim,Tgav,4.99731,2.21919,2.77812
2273,rcp45_doeclim_co2ppm_transient_conc_in2010_x4,0,temp_doeclim,Tgav,4.9982,2.21955,2.77865
2274,rcp45_doeclim_co2ppm_transient_conc_in2010_x4,0,temp_doeclim,Tgav,4.99909,2.2199,2.77919
2275,rcp45_doeclim_co2ppm_transient_conc_in2010_x4,0,temp_doeclim,Tgav,4.99997,2.22025,2.77972
2276,rcp45_doeclim_co2ppm_transient_conc_in2010_x4,0,temp_doeclim,Tgav,5.00085,2.22061,2.78024
2277,rcp45_doeclim_co2ppm_transient_conc_in2010_x4,0,temp_doeclim,Tgav,5.00173,2.22096,2.78077
2278,rcp45_doeclim_co2ppm_transient_conc_in2010_x4,0,temp_doeclim,Tgav,5.00259,2.22131,2.78128
2279,rcp45_doeclim_co2ppm_transient_conc_in2010_x4,0,temp_doeclim,Tgav,5.00346,2.22165,2.78181
2280,rcp45_doeclim_co2ppm_transient_conc_in2010_x4,0,temp_doeclim,Tgav,5.00432,2.222,2.78232
2281,rcp45_doeclim_co2ppm_transient_conc_in2010_x4,0,temp_doeclim,Tgav,5.00517,2.22234,2.78283
2282,rcp45_doeclim_co2ppm_transient_conc_in2010_x4,0,temp_doeclim,Tgav,5.00602,2.22268,2.78334
2283,rcp45_doeclim_co2ppm_transient_conc_in2010_x4,0,temp_doeclim,Tgav,5.00686,2.22302,2.78384
2284,rcp45_doeclim_co2ppm_transient_conc_in2010_x4,0,temp_doeclim,Tgav,5.0077,2.22336,2.78434
2285,rcp45_doeclim_co2ppm_transient_conc_in2010_x4,0,temp_doeclim,Tgav,5.00853,2.2237,2.78483
2286,rcp45_doeclim_co2ppm_transient_conc_in2010_x4,0,temp_doeclim,Tgav,5.00936,2.22404,2.78532
2287,rcp45_doeclim_co2ppm_transient_conc_in2010_x4,0,temp_doeclim,Tgav,5.01019,2.22437,2.78582
2288,rcp45_doeclim_co2ppm_transient_conc_in2010_x4,0,temp_doeclim,Tgav,5.01101,2.2247,2.78631
2289,rcp45_doeclim_co2ppm_transient_conc_in2010_x4,0,temp_doeclim,Tgav,5.01182,2.22503,2.78679
2290,rcp45_doeclim_co2ppm_transient_conc_in2010_x4,0,temp_doeclim,Tgav,5.01263,2.22536,2.78727
2291,rcp45_doeclim_co2ppm_transient_conc_in2010_x4,0,temp_doeclim,Tgav,5.01344,2.22569,2.78775
2292,rcp45_doeclim_co2ppm_transient_conc_in2010_x4,0,temp_doeclim,Tgav,5.01424,2.22602,2.78822
2293,rcp45_doeclim_co2ppm_transient_conc_in2010_x4,0,temp_doeclim,Tgav,5.01504,2.22634,2.7887
2294,rcp45_doeclim_co2ppm_transient_conc_in2010_x4,0,temp_doeclim,Tgav,5.01583,2.22667,2.78916
2295,rcp45_doeclim_co2ppm_transient_conc_in2010_x4,0,temp_doeclim,Tgav,5.01662,2.22699,2.78963
2296,rcp45_doeclim_co2ppm_transient_conc_in2010_x4,0,temp_doeclim,Tgav,5.0174,2.22731,2.79009
2297,rcp45_doeclim_co2ppm_transient_conc_in2010_x4,0,temp_doeclim,Tgav,5.01818,2.22763,2.79055
2298,rcp45_doeclim_co2ppm_transient_conc_in2010_x4,0,temp_doeclim,Tgav,5.01896,2.22795,2.79101
2299,rcp45_doeclim_co2ppm_transient_conc_in2010_x4,0,temp_doeclim,Tgav,5.01973,2.22826,2.79147
2300,rcp45_doeclim_co2ppm_transient_conc_in2010_x4,0,temp_doeclim,Tgav,5.0205,2.22858,2.79192
